{"train_average_loss_history": [5.729685188664329, 5.249793623553382, 4.799863276216718, 4.330825738112132, 3.8657668279276955, 3.483550054497189, 3.2112315959400606, 2.9955598606003657, 2.8209890849060484, 2.685093544920285, 2.5745295852422716, 2.485610255930159, 2.4373007055785925, 2.3630129787657, 2.2875885446866357, 2.2021680765681793, 2.1519103003872764, 2.0961968825923067, 2.034407927261459, 1.9896461622582542, 1.9355581306748921, 1.8772085146771533, 1.8214810924397575, 1.7664459033144841, 1.7070565385950935, 1.6819055957926643, 1.6467602378792232, 1.6229698800378376, 1.5719310734007095, 1.5344372070497936, 1.5140325829386712, 1.4788486839996442, 1.4483341327971881, 1.4022879996233517, 1.355634978413582, 1.3251544242103894, 1.3009648879369098, 1.2849783996740975, 1.2679808075229329, 1.2341251711050671, 1.204576757715808, 1.1920962863498263, 1.152109178238445, 1.1372426951924959, 1.095640164282587, 1.079326837592655, 1.057658062544134, 1.0364264789554807, 1.0316111425558727, 1.0238998934626578], "train_average_acc_history": [0.012795793163891326, 0.06932515337423314, 0.3062226117440841, 0.5139351446099912, 0.6371603856266432, 0.7199824715162139, 0.7709027169149869, 0.8176161262050832, 0.837248028045574, 0.8723926380368099, 0.8968448729184926, 0.9028045574057844, 0.8987730061349695, 0.9171779141104295, 0.9326906222611745, 0.9394390885188433, 0.9414548641542506, 0.9466257668711655, 0.9507449605609114, 0.952410166520596, 0.9557405784399651, 0.9629272567922875, 0.9702015775635408, 0.9716038562664331, 0.9737072743207712, 0.9723049956178791, 0.9730061349693251, 0.9732690622261174, 0.9747589833479402, 0.9781770376862402, 0.9796669588080633, 0.9788781770376863, 0.9811568799298861, 0.9829973707274322, 0.9804557405784399, 0.9838737949167398, 0.9832602979842244, 0.983347940403155, 0.9821209465381244, 0.982997370727432, 0.983435582822086, 0.983435582822086, 0.9865907099035933, 0.9867659947414549, 0.9884312007011393, 0.9905346187554779, 0.9902716914986854, 0.9906222611744082, 0.9920245398773005, 0.9921998247151622], "val_average_loss_history": [5.7751735298721885, 5.369684454246804, 5.008992331116288, 4.6389345301522145, 4.259519345672042, 3.9406892176027655, 3.7037340296639334, 3.531792092323303, 3.4126248787950586, 3.2860274098537587, 3.1853348873279708, 3.119346555074056, 3.0807998374656393, 3.0151598237178945, 2.939167112774319, 2.868299038763399, 2.8237100000734685, 2.774104532047554, 2.7363740731168678, 2.6980083779052455, 2.637179097864363, 2.5828360336798206, 2.5382458713319567, 2.4914986500033622, 2.442582698663075, 2.421884760591719, 2.390783945277885, 2.3786040367903536, 2.3400794819549278, 2.296424318242956, 2.2642411446129835, 2.2358421992372586, 2.218132251942599, 2.1767672024391316, 2.146522416671117, 2.1191268693517755, 2.102745405832926, 2.0944915727332782, 2.082078561076411, 2.0571041773866723, 2.0216784271929, 2.0137026471120336, 1.9718982213073304, 1.9591587938644266, 1.91869922346539, 1.9017469150048718, 1.8797432537432068, 1.8565106416190111, 1.850893189068194, 1.8348629975760424], "val_average_acc_history": [0.010994152046783626, 0.05111111111111111, 0.20877192982456144, 0.3584795321637427, 0.4509941520467836, 0.5229239766081871, 0.575906432748538, 0.620233918128655, 0.6326315789473684, 0.6792982456140351, 0.7060818713450293, 0.7170760233918129, 0.7176608187134503, 0.7411695906432749, 0.760701754385965, 0.7730994152046783, 0.7789473684210526, 0.7831578947368422, 0.7867836257309941, 0.7932163742690058, 0.8003508771929825, 0.8150877192982456, 0.8258479532163742, 0.827953216374269, 0.8328654970760233, 0.830175438596491, 0.8312280701754385, 0.8314619883040937, 0.8347368421052632, 0.8432748538011696, 0.852280701754386, 0.8473684210526315, 0.8513450292397661, 0.854970760233918, 0.8501754385964914, 0.8561403508771932, 0.8569590643274854, 0.8562573099415204, 0.8527485380116959, 0.8548538011695908, 0.8603508771929823, 0.8619883040935672, 0.8680701754385964, 0.8680701754385967, 0.8741520467836257, 0.8769590643274855, 0.875906432748538, 0.8818713450292398, 0.8823391812865496, 0.8822222222222222], "test_average_acc_history": [0.006666666666666666, 0.042105263157894736, 0.16374269005847958, 0.2864327485380117, 0.3723976608187135, 0.4340350877192982, 0.476374269005848, 0.5205847953216376, 0.5395321637426902, 0.5811695906432748, 0.6119298245614034, 0.6252631578947369, 0.6209356725146199, 0.6495906432748538, 0.6785964912280701, 0.6971929824561405, 0.7014035087719298, 0.7056140350877194, 0.7088888888888889, 0.7147368421052631, 0.7259649122807017, 0.7456140350877194, 0.7568421052631579, 0.7625730994152048, 0.7683040935672515, 0.7656140350877194, 0.7653801169590644, 0.7666666666666667, 0.7683040935672515, 0.7795321637426901, 0.7890058479532164, 0.7885380116959065, 0.7923976608187135, 0.7936842105263158, 0.7861988304093568, 0.7941520467836256, 0.7935672514619883, 0.7939181286549708, 0.7919298245614035, 0.7902923976608187, 0.8014035087719298, 0.8022222222222222, 0.8094736842105263, 0.8122807017543859, 0.8178947368421052, 0.8215204678362573, 0.8190643274853802, 0.8291228070175439, 0.827953216374269, 0.829590643274854]}